,バス,乗用車総数,地域,大型特種,小型乗用車,小型二輪,小型特殊自動車,小型貨物,年度,普通乗用車,普通車貨物,特種用途車,自動車総数,被けん引貨物,貨物自動車総数,軽自動車,電気小型特殊自動車,電気小型自動車,電気自動車総数
0,24,28058,東住吉,123,16464,1080.0,614,4803,2001,11594,1502,1026.0,46972,26,6331,9716,309.0,4.0,313.0
1,78,17260,西成,104,10396,660.0,197,3495,2001,6864,1694,892.0,31254,89,5278,6785,20.0,29.0,49.0
2,178,47112,平野,98,28165,1405.0,506,7630,2001,18947,2521,1323.0,77165,37,10188,16355,105.0,1.0,106.0
3,144,30245,住吉,454,17780,1079.0,83,3254,2001,12465,724,506.0,45345,18,3996,8838,7.0,1.0,8.0
4,197,29176,住之江,946,17821,855.0,319,4450,2001,11355,4093,2119.0,52609,2227,10770,8227,144.0,4.0,148.0
5,25,17570,阿倍野,19,9663,722.0,84,2063,2001,7907,359,305.0,25624,2,2424,4475,8.0,1.0,9.0
6,76,23286,鶴見,166,13870,830.0,286,3652,2001,9416,2550,836.0,38387,39,6241,6666,72.0,1.0,73.0
7,126,30155,城東,220,18441,1493.0,324,4746,2001,11714,1369,1240.0,48170,32,6147,8465,78.0,1.0,79.0
8,65,25588,生野,107,15335,940.0,560,4805,2001,10253,1215,690.0,44144,4,6024,10170,117.0,2.0,119.0
9,113,15031,東成,58,8803,577.0,382,3596,2001,6228,979,446.0,26229,32,4607,5015,103.0,3.0,106.0
10,213,34642,東淀川,209,21169,1817.0,181,4776,2001,13473,1687,1177.0,55004,15,6478,10287,72.0,3.0,75.0
11,81,36019,淀川,37,22447,1473.0,258,7957,2001,13572,1419,815.0,57294,51,9427,9184,69.0,2.0,71.0
12,36,17261,旭,40,10366,824.0,93,2372,2001,6895,574,358.0,26961,6,2952,5397,22.0,2.0,24.0
13,13,10562,浪速,202,5954,407.0,267,3887,2001,4608,964,832.0,21714,15,4866,4565,42.0,1.0,43.0
14,191,25122,北,159,15362,859.0,348,9108,2001,9760,1425,652.0,44823,76,10609,6883,88.0,6.0,94.0
15,117,20938,西淀川,407,12460,785.0,386,4691,2001,8478,3329,1279.0,38077,191,8211,5954,73.0,3.0,76.0
16,34,11532,福島,83,6701,451.0,1604,3901,2001,4831,1264,556.0,23340,38,5203,3877,922.0,1.0,923.0
17,207,12802,此花,307,7612,521.0,132,2611,2001,5190,2231,1181.0,24428,246,5088,4190,3.0,3.0,6.0
18,50,27170,中央,178,16942,964.0,210,8969,2001,10228,677,651.0,44942,12,9658,6061,79.0,2.0,81.0
19,21,17110,都島,68,9879,741.0,147,2967,2001,7231,867,432.0,26880,3,3837,4524,57.0,2.0,59.0
20,326,15141,港,971,8875,709.0,288,3303,2001,6266,2129,967.0,29765,601,6033,5330,76.0,1.0,77.0
21,112,15175,大正,349,9122,557.0,202,3116,2001,6053,2773,797.0,29222,535,6424,5606,25.0,1.0,26.0
22,18,11792,天王寺,31,6444,479.0,133,2666,2001,5348,327,173.0,18957,0,2993,3338,47.0,3.0,50.0
23,34,18930,西,268,11272,599.0,459,7679,2001,7658,1578,560.0,35746,327,9584,5312,127.0,11.0,138.0
24,96,21050,西淀川,404,12400,807.0,383,4542,2002,8650,3251,1307.0,38130,188,7981,6102,72.0,3.0,75.0
25,24,17613,阿倍野,19,9494,691.0,80,1963,2002,8119,349,316.0,25597,2,2314,4540,8.0,1.0,9.0
26,74,23296,鶴見,163,13726,810.0,287,3518,2002,9570,2463,827.0,38337,39,6020,6860,72.0,1.0,73.0
27,128,30249,城東,220,18190,1505.0,311,4555,2002,12059,1293,1215.0,48159,31,5879,8652,77.0,1.0,78.0
28,36,17198,旭,41,10197,839.0,92,2258,2002,7001,528,364.0,26612,6,2792,5250,20.0,2.0,22.0
29,65,25331,生野,106,15046,945.0,539,4621,2002,10285,1171,682.0,43798,5,5797,10333,117.0,2.0,119.0
30,112,14923,東成,57,8671,584.0,375,3430,2002,6252,936,441.0,25976,30,4396,5088,103.0,4.0,107.0
31,212,34218,東淀川,201,20624,1857.0,181,4608,2002,13594,1606,1138.0,54603,15,6229,10567,75.0,3.0,78.0
32,81,35918,淀川,37,22121,1456.0,257,7612,2002,13797,1375,797.0,57005,51,9038,9421,72.0,2.0,74.0
33,14,10419,浪速,201,5832,442.0,258,3667,2002,4587,923,804.0,21107,14,4604,4365,39.0,1.0,40.0
34,79,16920,西成,103,10069,657.0,190,3371,2002,6851,1647,863.0,30804,92,5110,6882,21.0,1.0,22.0
35,108,14912,大正,342,8898,540.0,204,3044,2002,6014,2752,783.0,28929,525,6321,5719,24.0,1.0,25.0
36,302,14952,港,956,8638,697.0,285,3187,2002,6314,2155,923.0,29520,651,5993,5412,79.0,1.0,80.0
37,35,18838,西,267,10977,707.0,451,7458,2002,7861,1495,536.0,35553,337,9290,5429,126.0,9.0,135.0
38,47,26881,中央,178,16681,949.0,198,8667,2002,10200,646,637.0,44351,12,9325,6136,76.0,2.0,78.0
39,225,12782,此花,299,7552,494.0,193,2549,2002,5230,2126,1159.0,24358,259,4934,4272,4.0,2.0,6.0
40,35,11420,福島,83,6603,474.0,1635,3763,2002,4817,1229,539.0,23096,36,5028,3882,940.0,1.0,941.0
41,18,16981,都島,68,9613,726.0,134,2818,2002,7368,828,417.0,26576,3,3649,4583,51.0,1.0,52.0
42,190,25141,北,160,15157,862.0,330,8628,2002,9984,1380,639.0,44379,77,10085,6972,85.0,4.0,89.0
43,206,28947,住之江,915,17563,862.0,325,4321,2002,11384,3966,2247.0,52276,2186,10473,8301,145.0,3.0,148.0
44,18,11799,天王寺,31,6273,514.0,133,2514,2002,5526,333,167.0,18877,1,2848,3367,45.0,3.0,48.0
45,145,29982,住吉,450,17496,1086.0,82,3139,2002,12486,698,477.0,45129,18,3855,9052,6.0,1.0,7.0
46,24,27602,東住吉,125,15999,1083.0,612,4548,2002,11603,1436,860.0,46122,26,6010,9806,313.0,4.0,317.0
47,180,46563,平野,96,27667,1377.0,506,7253,2002,18896,2448,1288.0,76444,39,9740,16694,112.0,1.0,113.0
48,23,27204,東住吉,125,15532,1051.0,598,4346,2003,11672,1338,849.0,45580,26,5710,10020,302.0,3.0,305.0
49,80,16766,西成,100,9837,661.0,181,3189,2003,6929,1602,890.0,30602,86,4877,7047,19.0,1.0,20.0
50,169,45914,平野,96,27011,1337.0,485,6960,2003,18903,2342,1234.0,75698,42,9344,17119,110.0,1.0,111.0
51,144,29516,住吉,449,16944,1084.0,75,2895,2003,12572,669,450.0,44432,23,3587,9127,8.0,0.0,8.0
52,206,28919,住之江,898,17418,885.0,342,4117,2003,11501,3978,2175.0,52360,2228,10323,8612,173.0,4.0,177.0
53,24,17615,阿倍野,19,9283,700.0,80,1821,2003,8332,340,296.0,25528,2,2163,4631,8.0,0.0,8.0
54,74,23364,鶴見,159,13581,853.0,281,3357,2003,9783,2320,795.0,38456,40,5717,7213,65.0,0.0,65.0
55,128,30224,城東,219,17856,1498.0,299,4332,2003,12368,1260,1117.0,47992,26,5618,8889,77.0,1.0,78.0
56,65,24924,生野,105,14620,987.0,534,4446,2003,10304,1017,682.0,43171,5,5468,10406,114.0,0.0,114.0
57,109,14813,東成,57,8482,573.0,363,3267,2003,6331,946,423.0,25715,28,4241,5136,107.0,2.0,109.0
58,200,33567,東淀川,200,19923,1856.0,182,4378,2003,13644,1502,1052.0,53743,12,5892,10794,82.0,2.0,84.0
59,74,35814,淀川,37,21719,1460.0,256,7420,2003,14095,1307,783.0,56889,52,8779,9686,75.0,1.0,76.0
60,36,17026,旭,44,9920,851.0,90,2141,2003,7106,500,344.0,26397,6,2647,5359,20.0,1.0,21.0
61,13,10371,浪速,201,5747,436.0,251,3549,2003,4624,866,757.0,20830,11,4426,4375,38.0,1.0,39.0
62,81,21090,西淀川,399,12229,788.0,382,4383,2003,8861,3227,1244.0,38030,189,7799,6247,70.0,2.0,72.0
63,18,16907,都島,68,9364,755.0,131,2761,2003,7543,790,461.0,26603,3,3554,4709,51.0,1.0,52.0
64,35,11301,福島,83,6377,481.0,1631,3512,2003,4924,1144,504.0,22736,40,4696,4005,935.0,0.0,935.0
65,273,12712,此花,302,7409,514.0,192,2492,2003,5303,2109,1141.0,24389,281,4882,4373,8.0,1.0,9.0
66,46,26776,中央,178,16427,908.0,192,8448,2003,10349,628,634.0,44259,12,9088,6437,76.0,1.0,77.0
67,195,25214,北,160,14995,898.0,321,8397,2003,10219,1329,649.0,44397,78,9804,7156,83.0,6.0,89.0
68,334,14775,港,955,8453,716.0,297,3061,2003,6322,2117,923.0,29343,680,5858,5485,96.0,0.0,96.0
69,119,14829,大正,339,8730,563.0,190,2998,2003,6099,2688,790.0,28874,504,6190,5854,23.0,0.0,23.0
70,17,11711,天王寺,31,5990,497.0,129,2401,2003,5721,312,161.0,18818,1,2714,3558,41.0,1.0,42.0
71,10,18956,西,264,10876,689.0,434,7253,2003,8080,1455,515.0,35370,331,9039,5463,127.0,6.0,133.0
72,73,36071,淀川,40,21689,1533.0,246,7236,2004,14382,1250,711.0,57274,47,8533,10067,75.0,0.0,75.0
73,216,28758,住之江,891,17135,904.0,307,4038,2004,11623,3930,2142.0,52704,2486,10454,9032,163.0,4.0,167.0
74,24,17753,阿倍野,18,9125,729.0,76,1632,2004,8628,310,287.0,25553,2,1944,4722,7.0,0.0,7.0
75,67,23413,鶴見,164,13397,880.0,261,3214,2004,10016,2240,780.0,38629,44,5498,7566,51.0,0.0,51.0
76,122,30276,城東,214,17612,1534.0,285,4121,2004,12664,1228,965.0,48004,16,5365,9243,79.0,1.0,80.0
77,45,16891,旭,45,9708,878.0,87,1997,2004,7183,450,328.0,26214,6,2453,5487,20.0,1.0,21.0
78,68,24640,生野,105,14308,967.0,527,4209,2004,10332,991,655.0,42818,5,5205,10651,116.0,0.0,116.0
79,122,14807,東成,56,8309,611.0,357,3156,2004,6498,982,404.0,25895,28,4166,5372,107.0,1.0,108.0
80,191,33236,東淀川,200,19509,1813.0,179,4171,2004,13727,1387,984.0,53253,2,5560,11090,88.0,1.0,89.0
81,83,21317,西淀川,395,12254,844.0,385,4294,2004,9063,3168,1254.0,38506,198,7660,6568,75.0,2.0,77.0
82,71,16495,西成,97,9584,631.0,178,3053,2004,6911,1533,811.0,30001,54,4640,7078,21.0,1.0,22.0
83,19,11813,天王寺,31,5871,511.0,127,2274,2004,5942,296,149.0,18903,1,2571,3682,44.0,1.0,45.0
84,120,14744,大正,337,8512,549.0,200,2904,2004,6232,2648,801.0,29023,534,6086,6186,25.0,0.0,25.0
85,331,14616,港,930,8215,728.0,289,2927,2004,6401,2158,880.0,29096,679,5764,5558,89.0,0.0,89.0
86,12,19302,西,264,10838,646.0,432,7100,2004,8464,1328,483.0,35507,322,8750,5618,137.0,4.0,141.0
87,41,27205,中央,178,16382,905.0,182,8237,2004,10823,605,483.0,44555,13,8855,6706,71.0,1.0,72.0
88,264,12661,此花,302,7282,540.0,183,2403,2004,5379,2044,1164.0,24333,290,4737,4482,17.0,0.0,17.0
89,17,11481,福島,83,6379,493.0,1627,3429,2004,5102,1124,442.0,22845,49,4602,4100,934.0,0.0,934.0
90,16,17156,都島,68,9267,796.0,131,2662,2004,7889,784,448.0,26848,3,3449,4784,52.0,1.0,53.0
91,212,25379,北,160,14796,888.0,316,8198,2004,10583,1219,597.0,44416,73,9490,7374,82.0,5.0,87.0
92,171,45506,平野,100,26500,1377.0,480,6630,2004,19006,2257,1179.0,75336,33,8920,17603,107.0,0.0,107.0
93,13,10307,浪速,199,5621,446.0,250,3275,2004,4686,835,735.0,20484,9,4119,4415,40.0,1.0,41.0
94,143,29197,住吉,448,16575,1083.0,73,2712,2004,12622,674,434.0,44189,18,3404,9407,9.0,0.0,9.0
95,26,26951,東住吉,124,15213,1036.0,597,4088,2004,11738,1273,880.0,45153,23,5384,10155,301.0,2.0,303.0
96,78,21553,西淀川,390,12318,885.0,372,4301,2005,9235,2930,1201.0,38910,186,7417,7014,69.0,1.0,70.0
97,69,16240,西成,98,9305,693.0,168,2863,2005,6935,1427,791.0,29605,50,4340,7206,19.0,1.0,20.0
98,138,28873,住吉,447,16372,1122.0,80,2475,2005,12501,602,418.0,43938,23,3100,9760,13.0,0.0,13.0
99,218,28550,住之江,885,16844,901.0,350,3929,2005,11706,3857,2005.0,52502,2617,10403,9190,200.0,3.0,203.0
100,15,17858,阿倍野,18,9052,748.0,77,1535,2005,8806,291,266.0,25672,2,1828,4862,8.0,0.0,8.0
101,55,23314,鶴見,164,13247,891.0,266,3019,2005,10067,2100,738.0,38480,49,5168,7884,46.0,0.0,46.0
102,125,30298,城東,215,17491,1571.0,295,3878,2005,12807,1098,970.0,48219,18,4994,9751,88.0,1.0,89.0
103,46,16718,旭,47,9553,904.0,89,1902,2005,7165,419,300.0,26079,4,2325,5650,22.0,0.0,22.0
104,69,24248,生野,104,13926,985.0,536,3907,2005,10322,880,636.0,42201,5,4792,10831,127.0,0.0,127.0
105,112,14760,東成,55,8203,609.0,352,3034,2005,6557,951,394.0,25854,27,4012,5560,111.0,0.0,111.0
106,176,32700,東淀川,197,19088,1799.0,169,3924,2005,13612,1168,969.0,52620,2,5094,11516,87.0,0.0,87.0
107,66,36290,淀川,38,21587,1561.0,236,6949,2005,14703,1166,670.0,57648,43,8158,10629,68.0,0.0,68.0
108,26,26782,東住吉,124,15003,1053.0,588,3676,2005,11779,1159,829.0,44560,26,4861,10297,299.0,2.0,301.0
109,12,10257,浪速,198,5523,447.0,248,3084,2005,4734,812,705.0,20357,7,3903,4587,49.0,3.0,52.0
110,17,11998,天王寺,31,5805,517.0,122,2164,2005,6193,266,154.0,18972,1,2431,3702,40.0,1.0,41.0
111,118,14577,大正,331,8292,551.0,192,2805,2005,6285,2552,810.0,28933,539,5896,6458,22.0,0.0,22.0
112,341,14407,港,927,8069,722.0,282,2820,2005,6338,2088,837.0,28963,701,5609,5838,79.0,0.0,79.0
113,10,19727,西,263,10918,701.0,435,6912,2005,8809,1252,481.0,35939,296,8460,5862,150.0,4.0,154.0
114,37,27638,中央,178,16355,935.0,175,8075,2005,11283,603,485.0,45049,13,8691,6910,69.0,0.0,69.0
115,274,12646,此花,308,7254,550.0,184,2308,2005,5392,1898,1127.0,24213,302,4508,4616,29.0,0.0,29.0
116,17,11668,福島,83,6377,497.0,1597,3347,2005,5291,1016,453.0,23246,53,4416,4515,911.0,0.0,911.0
117,18,17149,都島,68,9141,797.0,118,2524,2005,8008,734,420.0,26777,3,3261,4946,48.0,1.0,49.0
118,209,25295,北,160,14458,922.0,299,7828,2005,10837,1060,552.0,43837,63,8951,7449,78.0,5.0,83.0
119,174,44945,平野,100,26068,1408.0,494,6299,2005,18877,2101,1122.0,74857,40,8440,18174,117.0,0.0,117.0
120,70,15835,西成,99,9016,678.0,168,2731,2006,6819,1322,765.0,29042,45,4098,7329,21.0,0.0,31.0
121,174,44040,平野,102,25440,1398.0,503,6018,2006,18600,1962,1077.0,73976,75,8055,18627,127.0,0.0,127.0
122,209,25207,北,159,14190,922.0,284,7633,2006,11017,1021,522.0,43605,63,8717,7585,82.0,5.0,87.0
123,14,17019,都島,68,9022,810.0,115,2391,2006,7997,650,395.0,26646,2,3043,5182,47.0,0.0,47.0
124,24,26322,東住吉,124,14694,1012.0,584,3475,2006,11628,1096,809.0,44018,27,4598,10545,298.0,2.0,300.0
125,149,28302,住吉,447,16026,1113.0,77,2296,2006,12276,551,392.0,43225,24,2871,9874,13.0,0.0,13.0
126,214,27987,住之江,882,16438,902.0,316,3831,2006,11549,3812,1893.0,52194,2738,10381,9619,166.0,1.0,167.0
127,14,17790,阿倍野,18,8938,748.0,78,1464,2006,8852,250,256.0,25530,2,1716,4910,8.0,0.0,8.0
128,24,22970,鶴見,167,12962,897.0,273,2854,2006,10008,1884,644.0,38312,51,4789,8548,39.0,0.0,39.0
129,41,16484,旭,48,9370,874.0,86,1808,2006,7114,399,291.0,25839,5,2212,5803,22.0,0.0,22.0
130,69,23790,生野,101,13544,963.0,525,3747,2006,10246,782,613.0,41569,5,4534,10974,137.0,0.0,137.0
131,97,14655,東成,55,8087,618.0,350,2933,2006,6568,942,382.0,25743,27,3902,5684,114.0,0.0,114.0
132,132,31916,東淀川,198,18604,1780.0,173,3730,2006,13312,1078,931.0,51865,4,4812,11923,92.0,0.0,92.0
133,120,29888,城東,217,17076,1561.0,286,3728,2006,12812,979,913.0,47771,19,4726,10060,89.0,0.0,89.0
134,74,21463,西淀川,390,12178,885.0,388,4249,2006,9285,2861,1143.0,38927,219,7329,7255,76.0,0.0,76.0
135,11,10099,浪速,195,5416,435.0,236,2980,2006,4683,820,713.0,20126,14,3814,4623,46.0,3.0,49.0
136,15,11726,天王寺,31,5477,473.0,122,2056,2006,6249,220,151.0,18525,0,2276,3731,40.0,0.0,40.0
137,129,14408,大正,330,8116,569.0,192,2690,2006,6292,2471,825.0,28727,526,5687,6587,21.0,0.0,21.0
138,324,14246,港,922,7952,704.0,279,2703,2006,6294,2051,799.0,28740,678,5432,6034,77.0,0.0,77.0
139,10,19912,西,262,10946,689.0,440,6816,2006,8966,1118,484.0,36431,299,8233,6401,149.0,5.0,154.0
140,37,27809,中央,178,16278,946.0,166,7936,2006,11531,600,460.0,45177,13,8549,7032,65.0,0.0,65.0
141,240,12443,此花,299,7048,556.0,187,2333,2006,5395,1856,1111.0,24124,303,4492,4796,35.0,0.0,35.0
142,19,11613,福島,83,6249,520.0,1586,3242,2006,5364,939,459.0,22860,51,4232,4348,904.0,0.0,904.0
143,66,36032,淀川,42,21409,1508.0,239,6687,2006,14623,1073,640.0,57289,39,7799,10963,77.0,0.0,77.0
144,35,15921,旭,0,8798,868.0,82,1788,2007,7123,383,304.0,25440,4,2175,6006,23.0,0.0,23.0
145,116,29276,城東,0,16272,1572.0,279,3662,2007,13004,991,883.0,47328,20,4673,10314,87.0,0.0,87.0
146,31,22502,鶴見,0,12340,935.0,278,2774,2007,10162,1734,619.0,37878,29,4537,8802,37.0,0.0,37.0
147,13,17523,阿倍野,0,8511,741.0,79,1401,2007,9012,236,244.0,25240,2,1639,4983,8.0,0.0,8.0
148,54,15070,西成,0,8217,657.0,170,2700,2007,6853,1320,762.0,28228,45,4065,7353,23.0,0.0,23.0
149,138,27361,住吉,0,15150,1030.0,69,2239,2007,12211,537,363.0,42115,19,2795,9914,10.0,1.0,11.0
150,27,25451,東住吉,0,13789,1038.0,572,3399,2007,11662,1031,755.0,43175,28,4458,10752,295.0,2.0,297.0
151,170,42442,平野,0,23793,1453.0,492,5927,2007,18649,1989,1054.0,72856,97,8013,19123,137.0,0.0,137.0
152,70,22766,生野,0,12482,952.0,517,3636,2007,10284,777,608.0,40539,4,4417,11109,127.0,0.0,127.0
153,250,27072,住之江,0,15472,921.0,358,3794,2007,11600,4198,1831.0,52210,2939,10931,9975,209.0,1.0,210.0
154,94,14180,東成,0,7639,600.0,343,2853,2007,6541,917,371.0,25263,27,3797,5823,118.0,0.0,118.0
155,15,11545,天王寺,0,5154,462.0,120,1981,2007,6391,188,150.0,18200,0,2169,3708,42.0,0.0,42.0
156,68,35099,淀川,0,20349,1504.0,239,6607,2007,14750,1012,579.0,56293,20,7639,11124,85.0,0.0,85.0
157,122,30600,東淀川,0,17334,1791.0,162,3673,2007,13266,1095,899.0,50693,6,4774,12146,86.0,0.0,86.0
158,19,11402,福島,0,5965,510.0,1606,3174,2007,5437,943,470.0,22685,65,4182,4413,918.0,0.0,918.0
159,221,12195,此花,0,6740,578.0,204,2332,2007,5455,1909,1084.0,24079,323,4564,4931,50.0,0.0,50.0
160,37,27623,中央,0,15744,939.0,162,7825,2007,11879,568,460.0,44826,13,8406,7021,67.0,0.0,67.0
161,10,19869,西,0,10794,734.0,435,6755,2007,9075,1063,468.0,36103,288,8106,6223,145.0,5.0,150.0
162,19,16644,都島,0,8524,833.0,107,2331,2007,8120,621,388.0,26293,2,2954,5281,49.0,0.0,49.0
163,125,13816,大正,0,7569,584.0,190,2737,2007,6247,2505,814.0,28378,537,5779,6744,22.0,0.0,22.0
164,225,24810,北,0,13657,911.0,282,7403,2007,11153,1014,504.0,42813,67,8484,7437,88.0,3.0,91.0
165,13,9760,浪速,0,5009,475.0,243,2887,2007,4751,800,698.0,19755,17,3704,4667,57.0,3.0,60.0
166,76,21174,西淀川,0,11630,900.0,370,4256,2007,9544,2859,1165.0,38983,219,7334,7577,83.0,0.0,83.0
167,329,14182,港,0,7778,709.0,283,2702,2007,6404,2136,798.0,28895,594,5432,6241,82.0,0.0,82.0
168,54,14530,西成,101,7870,636.0,172,2486,2008,6660,1347,689.0,27315,46,3879,7254,28.0,0.0,28.0
169,166,41560,平野,112,23064,1468.0,494,5478,2008,18496,2151,992.0,71729,107,7736,19201,145.0,0.0,145.0
170,28,24835,東住吉,122,13305,1014.0,562,3096,2008,11530,1078,692.0,43338,30,4204,11881,298.0,2.0,300.0
171,119,26747,住吉,444,14615,1011.0,72,2003,2008,12132,536,320.0,41100,19,2558,9829,11.0,1.0,12.0
172,249,26585,住之江,857,14932,928.0,315,3564,2008,11653,4466,1753.0,51910,3205,11235,9988,181.0,1.0,182.0
173,17,17237,阿倍野,18,8224,739.0,73,1249,2008,9013,233,230.0,24743,2,1484,4945,8.0,0.0,8.0
174,32,22300,鶴見,166,12086,948.0,279,2650,2008,10214,1789,548.0,37878,48,4487,9118,41.0,0.0,41.0
175,131,28757,城東,216,15801,1603.0,274,3425,2008,12956,971,850.0,46708,18,4414,10463,91.0,0.0,91.0
176,40,15574,旭,50,8513,834.0,79,1674,2008,7061,394,300.0,24951,5,2073,6001,20.0,0.0,20.0
177,78,13788,東成,56,7354,609.0,329,2662,2008,6434,877,356.0,24624,25,3564,5844,114.0,0.0,114.0
178,72,22228,生野,96,12114,906.0,508,3250,2008,10114,809,561.0,39536,4,4063,11102,134.0,0.0,134.0
179,64,34695,淀川,41,19964,1516.0,237,6284,2008,14731,984,524.0,55600,18,7286,11237,87.0,0.0,87.0
180,115,29922,東淀川,199,16779,1703.0,150,3371,2008,13143,1124,787.0,49602,6,4501,12225,84.0,0.0,84.0
181,22,16331,都島,69,8275,815.0,103,2117,2008,8056,614,373.0,25865,0,2731,5421,47.0,0.0,47.0
182,21,11351,福島,82,5841,492.0,1594,3019,2008,5510,956,482.0,22484,58,4033,4429,930.0,0.0,930.0
183,232,11887,此花,311,6465,590.0,208,2250,2008,5422,1837,1053.0,23747,340,4427,5039,52.0,0.0,52.0
184,35,27488,中央,178,15450,938.0,151,7555,2008,12038,578,406.0,44427,13,8146,7085,63.0,0.0,63.0
185,208,24290,北,161,13109,885.0,275,7073,2008,11181,998,452.0,41784,66,8137,7376,89.0,3.0,92.0
186,300,13817,港,902,7439,694.0,284,2593,2008,6378,2294,745.0,28475,564,5451,6282,78.0,0.0,78.0
187,127,13516,大正,334,7326,563.0,193,2576,2008,6190,2551,747.0,27923,501,5628,6815,21.0,0.0,21.0
188,11,11346,天王寺,31,4951,438.0,120,1814,2008,6395,189,150.0,17766,0,2003,3667,42.0,0.0,42.0
189,15,9634,浪速,194,4928,428.0,238,2705,2008,4706,780,667.0,19370,19,3504,4690,59.0,3.0,62.0
190,10,19518,西,256,10494,724.0,423,6416,2008,9024,1037,435.0,35246,204,7657,6223,142.0,5.0,147.0
191,74,20634,西淀川,385,11199,898.0,368,4024,2008,9435,2881,1124.0,38285,242,7147,7655,88.0,0.0,88.0
192,56,14186,西成,100,7794,595.0,169,2447,2009,6392,1356,647.0,26826,48,3851,7222,27.0,0.0,27.0
193,166,40519,平野,113,22598,1471.0,497,5379,2009,17921,2109,1003.0,70705,105,7593,19343,153.0,0.0,153.0
194,130,26030,住吉,443,14236,980.0,67,1932,2009,11794,529,338.0,40351,20,2481,9882,10.0,1.0,11.0
195,219,25847,住之江,841,14518,933.0,300,3519,2009,11329,4504,1808.0,51180,3158,11181,10051,178.0,2.0,180.0
196,30,22012,鶴見,160,11863,961.0,283,2602,2009,10149,1760,554.0,37402,46,4408,8994,47.0,0.0,47.0
197,55,28459,城東,217,15468,1621.0,269,3298,2009,12991,967,787.0,46159,18,4283,10468,99.0,0.0,99.0
198,40,15188,旭,50,8279,798.0,75,1631,2009,6909,374,308.0,24556,6,2011,6086,19.0,0.0,19.0
199,70,21467,生野,91,11804,914.0,489,3100,2009,9663,803,551.0,38475,4,3907,10986,133.0,1.0,134.0
200,87,13496,東成,59,7250,615.0,319,2534,2009,6246,811,348.0,24132,24,3369,5839,112.0,0.0,112.0
201,115,29056,東淀川,197,16244,1687.0,140,3229,2009,12812,1104,767.0,48422,3,4336,12124,83.0,0.0,83.0
202,31,24147,東住吉,122,12950,1029.0,532,3045,2009,11197,1091,750.0,41592,35,4171,10810,290.0,4.0,294.0
203,77,20433,西淀川,387,11038,888.0,360,3942,2009,9395,2830,1088.0,37972,235,7007,7732,90.0,1.0,91.0
204,65,33910,淀川,41,19467,1560.0,227,6174,2009,14443,979,522.0,54700,19,7172,11203,86.0,9.0,95.0
205,222,23639,北,161,12711,847.0,274,6754,2009,10928,974,462.0,40684,63,7791,7288,86.0,4.0,90.0
206,23,15939,都島,69,8123,773.0,101,1996,2009,7816,574,381.0,25292,0,2570,5436,50.0,0.0,50.0
207,23,11242,福島,82,5739,492.0,1559,2869,2009,5503,923,487.0,22110,52,3844,4381,918.0,1.0,919.0
208,235,11569,此花,306,6280,614.0,243,2146,2009,5289,1905,1067.0,23560,353,4404,5122,75.0,3.0,78.0
209,17,17013,阿倍野,18,8061,712.0,68,1193,2009,8952,236,225.0,24390,2,1431,4906,7.0,0.0,7.0
210,13,19189,西,256,10225,697.0,424,6155,2009,8964,996,437.0,34591,205,7356,6219,151.0,9.0,160.0
211,311,13499,港,890,7180,680.0,293,2535,2009,6319,2200,747.0,28107,502,5237,6450,88.0,0.0,88.0
212,125,13144,大正,356,7161,551.0,197,2525,2009,5983,2449,718.0,27350,473,5447,6812,35.0,2.0,37.0
213,12,11161,天王寺,31,4776,422.0,114,1723,2009,6385,188,158.0,17438,1,1912,3628,40.0,2.0,42.0
214,14,9208,浪速,185,4740,410.0,235,2612,2009,4468,764,662.0,18660,14,3390,4556,66.0,2.0,68.0
215,35,27165,中央,222,15097,943.0,149,7230,2009,12068,551,543.0,44051,14,7795,7199,61.0,11.0,72.0
216,36,23821,東住吉,122,12637,1031.0,524,2958,2010,11184,1037,738.0,41092,42,4037,10783,285.0,4.0,289.0
217,129,25632,住吉,442,13874,982.0,67,1904,2010,11758,508,340.0,39877,17,2429,9856,10.0,1.0,11.0
218,195,25263,住之江,821,14036,926.0,299,3524,2010,11227,4659,1823.0,50786,3239,11422,10037,178.0,2.0,180.0
219,16,16883,阿倍野,18,7931,708.0,68,1125,2010,8952,240,223.0,24179,1,1366,4897,7.0,0.0,7.0
220,29,21821,鶴見,156,11541,956.0,281,2487,2010,10280,1700,548.0,36988,26,4213,8984,47.0,0.0,47.0
221,32,27915,城東,215,14900,1615.0,268,3192,2010,13015,919,732.0,45353,17,4128,10448,99.0,0.0,99.0
222,40,14852,旭,50,7964,797.0,75,1562,2010,6888,368,336.0,24159,6,1936,6073,19.0,0.0,19.0
223,70,21013,生野,92,11341,908.0,488,3070,2010,9672,799,543.0,37904,4,3873,10917,133.0,1.0,134.0
224,74,13324,東成,58,7066,615.0,319,2428,2010,6258,786,338.0,23794,23,3237,5829,112.0,0.0,112.0
225,111,28531,東淀川,199,15781,1669.0,140,3149,2010,12750,1077,710.0,47698,3,4229,12109,83.0,0.0,83.0
226,13,9190,浪速,183,4665,406.0,233,2592,2010,4525,749,633.0,18541,15,3356,4527,65.0,2.0,67.0
227,75,20369,西淀川,387,10943,886.0,356,3833,2010,9426,2826,1100.0,37784,239,6898,7713,88.0,1.0,89.0
228,12,11202,天王寺,31,4738,421.0,114,1665,2010,6464,177,147.0,17391,1,1843,3621,40.0,2.0,42.0
229,109,12946,大正,361,7057,550.0,196,2547,2010,5889,2436,735.0,27148,477,5460,6791,35.0,2.0,37.0
230,16,19112,西,256,9915,691.0,423,5907,2010,9197,963,403.0,34195,216,7086,6208,151.0,9.0,160.0
231,36,27194,中央,180,14785,946.0,149,6934,2010,12409,512,419.0,43554,13,7459,7171,61.0,11.0,72.0
232,247,11404,此花,305,6113,611.0,243,2195,2010,5291,1937,1091.0,23496,344,4476,5119,75.0,3.0,78.0
233,21,11355,福島,82,5671,486.0,1555,2708,2010,5684,887,454.0,21971,48,3643,4375,915.0,1.0,916.0
234,23,15874,都島,68,7973,775.0,101,1934,2010,7901,579,393.0,25161,0,2513,5414,50.0,0.0,50.0
235,214,23526,北,160,12359,844.0,273,6471,2010,11167,943,457.0,40195,63,7477,7244,85.0,4.0,89.0
236,70,33651,淀川,41,19050,1550.0,226,5975,2010,14601,990,520.0,54217,14,6979,11180,85.0,9.0,94.0
237,293,13371,港,876,7016,673.0,293,2488,2010,6355,2175,820.0,27889,486,5149,6414,89.0,0.0,89.0
238,56,14073,西成,98,7661,596.0,169,2393,2010,6412,1309,609.0,26534,47,3749,7184,27.0,0.0,27.0
239,154,39881,平野,114,21958,1464.0,497,5195,2010,17923,2059,984.0,69732,105,7359,19279,153.0,0.0,153.0
240,50,13516,西成,99,7240,572.0,166,2296,2011,6276,1285,,25781,48,3629,7130,28.0,0.0,28.0
241,159,39538,平野,120,21567,1427.0,502,5184,2011,17971,2064,,69406,93,7341,19280,167.0,2.0,169.0
242,37,23691,東住吉,120,12429,1035.0,491,2899,2011,11262,1018,,40812,39,3956,10714,274.0,6.0,280.0
243,131,25470,住吉,441,13610,953.0,63,1866,2011,11860,499,,39598,21,2386,9811,11.0,2.0,13.0
244,196,25318,住之江,820,13975,937.0,283,3423,2011,11343,4622,,51001,3299,11344,10275,175.0,7.0,182.0
245,17,16887,阿倍野,18,7838,696.0,65,1092,2011,9049,229,,24086,1,1322,4853,7.0,1.0,8.0
246,29,21781,鶴見,155,11408,964.0,257,2483,2011,10373,1615,,36897,22,4120,9031,48.0,1.0,49.0
247,34,27840,城東,216,14701,1573.0,246,3150,2011,13139,950,,45165,18,4118,10407,97.0,1.0,98.0
248,39,14654,旭,50,7826,733.0,74,1502,2011,6828,345,,23839,6,1853,6077,20.0,0.0,20.0
249,69,20694,生野,91,11056,874.0,479,3002,2011,9638,788,,37369,4,3794,10797,132.0,1.0,133.0
250,74,13296,東成,57,6931,617.0,308,2365,2011,6365,749,,23562,23,3137,5745,109.0,1.0,110.0
251,199,23566,北,159,12110,824.0,267,6189,2011,11456,920,,39816,64,7173,7182,86.0,15.0,101.0
252,78,33670,淀川,41,18801,1548.0,222,5837,2011,14869,1000,,53962,14,6851,11035,86.0,14.0,100.0
253,75,20236,西淀川,390,10715,893.0,357,3840,2011,9521,2808,,37665,240,6888,7712,92.0,3.0,95.0
254,10,9323,浪速,183,4644,392.0,226,2552,2011,4679,718,,18552,20,3290,4497,61.0,2.0,63.0
255,12,11208,天王寺,31,4687,413.0,109,1564,2011,6521,174,,17265,1,1739,3599,40.0,0.0,40.0
256,108,12821,大正,362,6907,525.0,197,2543,2011,5914,2432,,26817,446,5421,6680,39.0,2.0,41.0
257,307,13364,港,861,6973,660.0,295,2441,2011,6391,2202,,27703,483,5126,6262,96.0,0.0,96.0
258,15,19215,西,253,9794,692.0,408,5758,2011,9421,945,,34080,226,6929,6145,152.0,12.0,164.0
259,34,27472,中央,180,14573,940.0,145,6800,2011,12899,503,,43592,13,7316,7120,60.0,16.0,76.0
260,292,11397,此花,302,6045,633.0,245,2149,2011,5352,2010,,23761,401,4560,5191,83.0,2.0,85.0
261,24,11501,福島,82,5585,462.0,1528,2643,2011,5916,842,,21892,49,3534,4314,901.0,1.0,902.0
262,23,15789,都島,67,7841,724.0,100,1882,2011,7948,570,,24967,0,2452,5456,52.0,0.0,52.0
263,131,28171,東淀川,196,15416,1592.0,139,3056,2011,12755,1047,,47141,3,4106,12105,82.0,3.0,85.0
264,70,20547,生野,91,10831,912.0,484,3001,2012,9716,788,559.0,37416,4,3793,10960,153.0,5.0,158.0
265,38,14423,旭,52,7677,820.0,73,1473,2012,6746,366,365.0,23891,8,1847,6273,21.0,4.0,25.0
266,33,27518,城東,216,14322,1569.0,245,3062,2012,13196,953,704.0,44823,18,4033,10505,102.0,4.0,106.0
267,30,21645,鶴見,153,11177,1015.0,265,2454,2012,10468,1630,569.0,37130,22,4106,9347,53.0,6.0,59.0
268,42,13231,西成,100,7021,666.0,161,2222,2012,6210,1285,603.0,25480,44,3551,7126,29.0,1.0,30.0
269,110,25215,住吉,441,13272,1110.0,55,1809,2012,11943,508,350.0,39492,20,2337,9874,14.0,8.0,22.0
270,39,23592,東住吉,119,12179,1201.0,435,2817,2012,11413,1019,726.0,40946,37,3873,10961,258.0,9.0,267.0
271,127,39188,平野,115,21211,1607.0,503,5121,2012,17977,2019,1025.0,69562,73,7213,19784,191.0,8.0,199.0
272,67,13264,東成,56,6805,694.0,292,2309,2012,6459,750,342.0,23633,19,3078,5840,114.0,5.0,119.0
273,203,25372,住之江,839,13872,1032.0,278,3310,2012,11500,4671,1906.0,51294,3347,11328,10336,174.0,9.0,183.0
274,143,28042,東淀川,196,15273,1721.0,122,3010,2012,12769,1043,716.0,47443,2,4055,12448,73.0,4.0,77.0
275,17,16804,阿倍野,18,7692,718.0,56,1051,2012,9112,217,221.0,23988,1,1269,4885,7.0,5.0,12.0
276,79,19996,西淀川,388,10467,955.0,362,3805,2012,9529,2775,1139.0,37605,248,6828,7858,105.0,9.0,114.0
277,196,23732,北,159,11975,957.0,256,6009,2012,11757,899,450.0,39958,48,6956,7252,89.0,16.0,105.0
278,25,15838,都島,68,7763,829.0,91,1825,2012,8075,578,375.0,25017,0,2403,5388,46.0,2.0,48.0
279,25,11581,福島,82,5497,532.0,1454,2557,2012,6084,842,447.0,21917,49,3448,4348,852.0,7.0,859.0
280,284,11461,此花,305,5976,688.0,225,2125,2012,5485,1999,1218.0,24059,380,4504,5374,81.0,4.0,85.0
281,36,27852,中央,180,14493,1074.0,136,6461,2012,13359,484,370.0,43966,13,6958,7360,57.0,16.0,73.0
282,77,33567,淀川,41,18523,1701.0,208,5662,2012,15044,1003,517.0,53877,14,6679,11087,83.0,28.0,111.0
283,271,13209,港,854,6724,719.0,307,2438,2012,6485,2132,843.0,27553,515,5085,6265,110.0,7.0,117.0
284,113,12553,大正,357,6683,572.0,215,2517,2012,5870,2345,718.0,26407,433,5295,6584,45.0,5.0,50.0
285,12,11196,天王寺,31,4574,455.0,105,1511,2012,6622,175,157.0,17248,1,1687,3605,41.0,1.0,42.0
286,17,9481,浪速,183,4682,445.0,211,2484,2012,4799,701,626.0,18751,11,3196,4592,64.0,5.0,69.0
287,16,19253,西,251,9656,750.0,395,5601,2012,9597,946,441.0,34120,219,6766,6248,148.0,32.0,180.0
288,60,23488,東住吉,118,11963,1134.0,413,2773,2013,11525,1039,740.0,41040,59,3871,11216,255.0,8.0,263.0
289,123,24987,住吉,441,12926,988.0,58,1761,2013,12061,502,352.0,39354,19,2282,10123,15.0,8.0,23.0
290,197,24947,住之江,853,13428,907.0,261,3320,2013,11519,4903,1916.0,51456,3498,11721,10654,158.0,9.0,167.0
291,17,16735,阿倍野,18,7497,652.0,54,1034,2013,9238,200,217.0,23961,1,1235,5033,8.0,6.0,14.0
292,32,21549,鶴見,153,10974,975.0,260,2398,2013,10575,1641,568.0,37201,21,4060,9604,57.0,6.0,63.0
293,31,27334,城東,216,13902,1533.0,234,2976,2013,13432,937,711.0,44729,18,3931,10739,100.0,5.0,105.0
294,35,14370,旭,53,7540,742.0,69,1433,2013,6830,368,394.0,23894,9,1810,6421,21.0,4.0,25.0
295,69,20437,生野,91,10607,823.0,474,3021,2013,9830,813,574.0,37446,5,3839,11139,157.0,5.0,162.0
296,75,13207,東成,56,6680,602.0,280,2308,2013,6527,759,349.0,23564,19,3086,5909,112.0,4.0,116.0
297,116,27769,東淀川,196,14840,1505.0,120,2997,2013,12929,1058,741.0,47211,2,4057,12707,71.0,5.0,76.0
298,17,9581,浪速,183,4617,367.0,198,2437,2013,4964,675,632.0,18773,11,3123,4672,60.0,5.0,65.0
299,90,19823,西淀川,392,10196,925.0,365,3772,2013,9627,2746,1178.0,37600,253,6771,8056,110.0,7.0,117.0
300,15,11282,天王寺,31,4451,411.0,106,1468,2013,6831,178,162.0,17305,1,1647,3651,43.0,3.0,46.0
301,132,12378,大正,364,6485,507.0,222,2500,2013,5893,2365,720.0,26320,438,5303,6694,48.0,6.0,54.0
302,56,38787,平野,115,20580,1489.0,502,5122,2013,18207,2068,1087.0,69691,52,7242,20413,192.0,10.0,202.0
303,15,19433,西,251,9596,701.0,389,5448,2013,9837,979,447.0,34135,215,6642,6257,149.0,36.0,185.0
304,36,28193,中央,180,14349,974.0,130,6269,2013,13844,473,348.0,44071,14,6756,7454,55.0,16.0,71.0
305,290,11525,此花,305,5885,595.0,221,2142,2013,5640,2037,1243.0,24224,416,4595,5450,81.0,4.0,85.0
306,12,11558,福島,82,5268,504.0,1444,2459,2013,6290,805,447.0,21787,39,3303,4437,863.0,7.0,870.0
307,24,15786,都島,68,7593,726.0,85,1786,2013,8193,579,380.0,24838,2,2367,5402,44.0,2.0,46.0
308,217,24284,北,158,12001,822.0,273,5842,2013,12283,833,455.0,40474,16,6691,7574,112.0,17.0,129.0
309,85,33851,淀川,38,18552,1468.0,207,5777,2013,15299,1015,508.0,54381,12,6804,11420,88.0,26.0,114.0
310,211,13170,港,845,6516,618.0,302,2440,2013,6654,2172,861.0,27522,485,5097,6418,106.0,8.0,114.0
311,43,13028,西成,101,6849,566.0,163,2195,2013,6179,1295,612.0,25311,43,3533,7265,32.0,2.0,34.0
312,24,15678,都島,68,7432,746.0,80,1771,2014,8246,584,306.0,24922,2,2357,5663,43.0,2.0,45.0
313,46,12923,西成,100,6692,569.0,163,2162,2014,6231,1276,632.0,25456,44,3482,7541,31.0,2.0,33.0
314,56,38296,平野,113,20051,1548.0,501,5056,2014,18245,2108,1139.0,69915,54,7218,21044,201.0,11.0,212.0
315,66,23268,東住吉,118,11725,1441.0,408,2756,2014,11543,1028,810.0,41637,52,3836,11690,260.0,10.0,270.0
316,132,24651,住吉,442,12569,1000.0,57,1749,2014,12082,498,354.0,39335,21,2268,10431,17.0,9.0,26.0
317,209,24407,住之江,845,12977,927.0,326,3330,2014,11430,5153,2036.0,52295,3487,11970,11575,224.0,16.0,240.0
318,33,21290,鶴見,154,10668,1055.0,263,2353,2014,10622,1653,592.0,37653,20,4026,10240,66.0,7.0,73.0
319,32,26914,城東,216,13525,1543.0,231,2941,2014,13389,949,699.0,44770,16,3906,11229,99.0,5.0,104.0
320,36,14210,旭,53,7365,760.0,65,1409,2014,6845,374,417.0,23945,9,1792,6612,19.0,4.0,23.0
321,72,20277,生野,92,10366,852.0,469,2969,2014,9911,797,581.0,37628,5,3771,11514,155.0,5.0,160.0
322,10,13055,東成,56,6545,618.0,273,2261,2014,6510,764,341.0,23431,19,3044,6034,110.0,4.0,114.0
323,16,16845,阿倍野,18,7496,645.0,50,1102,2014,9349,197,218.0,24507,1,1300,5415,8.0,6.0,14.0
324,91,33855,淀川,38,18497,1559.0,197,5701,2014,15358,1021,514.0,54707,12,6734,11719,92.0,19.0,111.0
325,114,27256,東淀川,197,14411,1510.0,112,2912,2014,12845,1081,733.0,47065,2,3995,13148,66.0,6.0,72.0
326,12,11626,福島,82,5195,509.0,1474,2367,2014,6431,787,436.0,21893,36,3190,4564,881.0,7.0,888.0
327,303,11513,此花,300,5841,617.0,228,2115,2014,5672,2132,1274.0,24485,421,4668,5582,88.0,5.0,93.0
328,36,28716,中央,180,14532,998.0,122,6142,2014,14184,456,340.0,44798,12,6610,7796,51.0,14.0,65.0
329,18,19653,西,250,9580,719.0,383,5267,2014,10073,963,429.0,34216,183,6413,6351,151.0,36.0,187.0
330,221,24780,北,157,12084,845.0,258,5707,2014,12696,851,474.0,41111,13,6571,7805,114.0,21.0,135.0
331,141,12196,大正,375,6313,561.0,239,2475,2014,5883,2407,717.0,26378,450,5332,6817,50.0,5.0,55.0
332,15,11366,天王寺,31,4371,401.0,103,1387,2014,6995,173,169.0,17438,1,1561,3792,42.0,2.0,44.0
333,20,9622,浪速,183,4573,410.0,199,2385,2014,5049,681,674.0,18882,9,3075,4699,65.0,8.0,73.0
334,95,19635,西淀川,392,9987,940.0,363,3778,2014,9648,2802,1205.0,37885,252,6832,8423,107.0,9.0,116.0
335,196,13053,港,839,6398,623.0,304,2435,2014,6655,2215,859.0,27572,520,5170,6528,106.0,9.0,115.0
336,10,13036,東成,55,6423,658.0,269,2217,2015,6613,749,334.0,23302,20,2986,5954,110.0,3.0,113.0
337,64,38093,平野,113,19497,1657.0,498,5056,2015,18596,2121,1195.0,69758,58,7235,20903,202.0,12.0,214.0
338,71,23137,東住吉,114,11521,1085.0,410,2678,2015,11616,999,824.0,40905,50,3727,11537,272.0,9.0,281.0
339,135,24541,住吉,442,12308,1093.0,58,1735,2015,12233,493,347.0,39293,15,2243,10434,16.0,6.0,22.0
340,257,24190,住之江,843,12744,1041.0,362,3292,2015,11446,5353,2158.0,51898,3491,12136,10911,263.0,17.0,280.0
341,15,16823,阿倍野,19,7377,749.0,46,1097,2015,9446,195,215.0,24550,1,1293,5390,6.0,6.0,12.0
342,35,21156,鶴見,155,10391,1051.0,264,2338,2015,10765,1739,619.0,37361,22,4099,9982,73.0,10.0,83.0
343,33,26777,城東,216,13236,1531.0,234,2909,2015,13541,934,629.0,44278,14,3857,11001,99.0,3.0,102.0
344,38,14121,旭,53,7166,840.0,61,1388,2015,6955,365,427.0,23866,9,1762,6564,17.0,5.0,22.0
345,72,20249,生野,92,10191,928.0,456,2955,2015,10058,806,595.0,37553,5,3766,11395,158.0,3.0,161.0
346,46,12795,西成,101,6510,654.0,167,2148,2015,6285,1285,658.0,25342,45,3478,7443,31.0,3.0,34.0
347,127,26901,東淀川,196,14014,1694.0,112,2889,2015,12887,1044,766.0,46766,2,3935,13035,68.0,6.0,74.0
348,102,19636,西淀川,390,9826,980.0,371,3768,2015,9810,2881,1230.0,38080,250,6899,8472,114.0,10.0,124.0
349,21,9821,浪速,183,4639,517.0,199,2404,2015,5182,686,731.0,19188,11,3101,4615,67.0,9.0,76.0
350,15,11454,天王寺,31,4331,431.0,101,1359,2015,7123,180,167.0,17432,3,1542,3691,40.0,2.0,42.0
351,146,12132,大正,379,6211,612.0,252,2468,2015,5921,2428,741.0,26354,456,5352,6740,54.0,5.0,59.0
352,196,12946,港,835,6238,689.0,305,2480,2015,6708,2316,906.0,27721,582,5378,6466,112.0,9.0,121.0
353,17,19930,西,248,9623,794.0,380,5129,2015,10307,932,418.0,34231,173,6234,6210,155.0,35.0,190.0
354,37,29363,中央,180,14863,1070.0,119,6032,2015,14500,408,319.0,45269,12,6452,7729,53.0,12.0,65.0
355,284,11505,此花,300,5756,694.0,237,2126,2015,5749,2144,1335.0,24754,492,4762,5637,98.0,5.0,103.0
356,13,11638,福島,82,5106,546.0,1452,2292,2015,6532,749,429.0,21821,33,3074,4587,871.0,7.0,878.0
357,25,15681,都島,68,7244,807.0,78,1741,2015,8437,588,302.0,24827,2,2331,5535,43.0,2.0,45.0
358,225,25301,北,156,12205,986.0,253,5539,2015,13096,851,508.0,41615,12,6402,7784,113.0,18.0,131.0
359,88,34034,淀川,39,18392,1715.0,191,5570,2015,15642,1035,517.0,54902,10,6615,11703,91.0,18.0,109.0
360,75,20310,生野,94,10075,931.0,448,2907,2016,10235,821,605.0,37594,4,3732,11399,161.0,4.0,165.0
361,38,14133,旭,54,7013,812.0,57,1362,2016,7120,347,397.0,23760,11,1720,6549,18.0,6.0,24.0
362,30,26789,城東,217,13005,1536.0,222,2863,2016,13784,956,676.0,44327,15,3834,11023,99.0,3.0,102.0
363,31,21306,鶴見,156,10244,1055.0,262,2359,2016,11062,1790,641.0,37771,25,4174,10146,77.0,9.0,86.0
364,68,37928,平野,110,19053,1679.0,486,5067,2016,18875,2103,1233.0,69983,74,7244,21235,203.0,10.0,213.0
365,269,24500,住之江,842,12622,1046.0,368,3279,2016,11878,5498,2300.0,52794,3658,12435,11034,263.0,17.0,280.0
366,133,24442,住吉,442,12033,1098.0,56,1759,2016,12409,510,348.0,39321,17,2286,10516,16.0,6.0,22.0
367,64,23215,東住吉,114,11314,1094.0,417,2657,2016,11901,961,842.0,41019,49,3667,11606,276.0,9.0,285.0
368,12,13129,東成,55,6365,657.0,265,2226,2016,6764,730,342.0,23461,20,2976,6025,111.0,4.0,115.0
369,16,16900,阿倍野,19,7193,739.0,45,1051,2016,9707,186,223.0,24593,1,1238,5413,6.0,7.0,13.0
370,129,26809,東淀川,196,13752,1679.0,110,2829,2016,13057,1047,774.0,46598,2,3878,13023,67.0,8.0,75.0
371,207,13021,港,819,6206,691.0,304,2411,2016,6815,2296,899.0,27679,617,5324,6414,112.0,7.0,119.0
372,102,19817,西淀川,395,9729,989.0,368,3794,2016,10088,2923,1305.0,38552,201,6918,8658,115.0,16.0,131.0
373,26,10092,浪速,183,4707,515.0,197,2376,2016,5385,687,737.0,19567,11,3074,4743,67.0,10.0,77.0
374,15,11621,天王寺,31,4283,427.0,105,1338,2016,7338,176,170.0,17583,4,1518,3696,44.0,2.0,46.0
375,171,11986,大正,370,6031,622.0,255,2528,2016,5955,2504,761.0,26463,444,5476,6822,56.0,4.0,60.0
376,16,20344,西,247,9752,799.0,369,5068,2016,10592,921,426.0,34527,143,6132,6194,150.0,28.0,178.0
377,42,29768,中央,179,14984,1020.0,118,5951,2016,14784,398,330.0,45607,12,6361,7789,52.0,11.0,63.0
378,305,11613,此花,300,5693,697.0,242,2115,2016,5920,2207,1379.0,25009,499,4821,5652,107.0,5.0,112.0
379,14,11638,福島,82,5118,537.0,1460,2236,2016,6520,713,437.0,21739,35,2984,4587,880.0,4.0,884.0
380,30,15726,都島,69,7132,831.0,82,1752,2016,8594,584,296.0,25014,3,2339,5641,47.0,3.0,49.0
381,220,25769,北,156,12291,999.0,250,5378,2016,13478,842,494.0,42041,13,6233,7920,111.0,20.0,131.0
382,89,34104,淀川,39,18207,1699.0,191,5547,2016,15897,1034,482.0,55105,10,6591,11910,90.0,10.0,100.0
383,44,12859,西成,101,6339,653.0,164,2114,2016,6520,1296,658.0,25320,44,3454,7387,32.0,3.0,35.0
